{
  "Roots": {
    "Root": [
      {
        "nodeType": "head",
        "name": "欢呼",
        "showName": "0$欢呼;1$Cheer;12$dopingować;6$Acclamation;4$Jubeln;5$Rallegrare;7$Animar;2$応援;8$Torcer;9$歡呼;10$يشجع;3$격려;11$ура;13$tezahürat;14$opmuntre;16$Bersorak",
        "robotID": "robot_31551e4d-8658-4ae8-9fa0-63b8a13839a2",
        "id": "actions_636930254964567870",
        "icon": "icon_30",
        "createTime": "636930254964573010"
      },
      {
        "nodeType": "body",
        "index": "1",
        "sportTime": "300",
        "waitTime": "0",
        "idMin": "1",
        "idMinRota": "120",
        "rotas": "1$120;2$165;3$95;4$123;5$165;6$53",
        "show": "2;3;4;5;6"
      },
      {
        "nodeType": "body",
        "index": "2",
        "sportTime": "300",
        "waitTime": "0",
        "idMin": "1",
        "idMinRota": "118",
        "rotas": "1$118;2$75;3$179;4$119;5$75;6$144",
        "show": "1;2;3;4;5;6"
      },
      {
        "nodeType": "body",
        "index": "3",
        "sportTime": "300",
        "waitTime": "0",
        "idMin": "1",
        "idMinRota": "120",
        "rotas": "1$120;2$165;3$95;4$123;5$165;6$53",
        "show": "1;2;3;4;5;6"
      },
      {
        "nodeType": "body",
        "index": "4",
        "sportTime": "300",
        "waitTime": "0",
        "idMin": "1",
        "idMinRota": "118",
        "rotas": "1$118;2$75;3$179;4$119;5$75;6$144",
        "show": "1;2;3;4;5;6"
      },
      {
        "nodeType": "body",
        "index": "5",
        "sportTime": "300",
        "waitTime": "0",
        "idMin": "1",
        "idMinRota": "120",
        "rotas": "1$120;2$165;3$95;4$123;5$165;6$53",
        "show": "1;2;3;4;5;6"
      },
      {
        "nodeType": "body",
        "index": "6",
        "sportTime": "300",
        "waitTime": "0",
        "idMin": "1",
        "idMinRota": "121",
        "rotas": "1$121;2$120;3$117;4$121;5$120;6$121",
        "show": "1;2;3;4;5;6"
      }
    ]
  }
}
