{
  "Roots": {
    "Root": [
      {
        "nodeType": "head",
        "name": "鬼步",
        "showName": "0$鬼步;1$Crazy Dancing;12$Szalony taniec;6$Folle danse;4$Verrücktes Tanzen;5$Ballo pazzo;7$Baile loco;2$踊り狂う;8$Dança maluca;9$鬼步;10$رقص مجنون;3$광란의 춤;11$Сумасшедший танец;13$Çılgın Dans Etme;14$Voldsom dans;16$Menari Keren",
        "robotID": "robot_31551e4d-8658-4ae8-9fa0-63b8a13839a2",
        "id": "actions_636984572265617760",
        "icon": "icon_5",
        "createTime": "636984572265646310"
      },
      {
        "nodeType": "body",
        "index": "1",
        "sportTime": "400",
        "waitTime": "0",
        "idMin": "1",
        "idMinRota": "120",
        "rotas": "1$120;2$120;3$120;4$120;5$120;6$120",
        "show": "1;2;3;4;5;6"
      },
      {
        "nodeType": "body",
        "index": "2",
        "sportTime": "200",
        "waitTime": "0",
        "idMin": "1",
        "idMinRota": "120",
        "rotas": "1$75;2$120;3$120;4$75;5$120;6$120",
        "show": "1;4"
      },
      {
        "nodeType": "body",
        "index": "3",
        "sportTime": "400",
        "waitTime": "0",
        "idMin": "1",
        "idMinRota": "120",
        "rotas": "1$80;2$85;3$90;4$80;5$85;6$45",
        "show": "1;2;3;4;5;6"
      },
      {
        "nodeType": "body",
        "index": "4",
        "sportTime": "200",
        "waitTime": "0",
        "idMin": "1",
        "idMinRota": "120",
        "rotas": "1$110;2$120;3$75;4$120;5$155;6$165",
        "show": "1;2;3;4;5;6"
      },
      {
        "nodeType": "body",
        "index": "5",
        "sportTime": "400",
        "waitTime": "0",
        "idMin": "1",
        "idMinRota": "110",
        "rotas": "1$120;2$155;3$55;4$120;5$155;6$55",
        "show": "2;3;5;6;1"
      },
      {
        "nodeType": "body",
        "index": "6",
        "sportTime": "400",
        "waitTime": "0",
        "idMin": "1",
        "idMinRota": "110",
        "rotas": "1$120;2$85;3$210;4$120;5$85;6$185",
        "show": "2;3;5;6;1"
      },
      {
        "nodeType": "body",
        "index": "7",
        "sportTime": "400",
        "waitTime": "0",
        "idMin": "1",
        "idMinRota": "110",
        "rotas": "1$120;2$155;3$55;4$120;5$155;6$55",
        "show": "2;3;5;6;1"
      },
      {
        "nodeType": "body",
        "index": "8",
        "sportTime": "400",
        "waitTime": "0",
        "idMin": "1",
        "idMinRota": "110",
        "rotas": "1$120;2$85;3$210;4$120;5$85;6$185",
        "show": "2;3;5;6;1"
      },
      {
        "nodeType": "body",
        "index": "9",
        "sportTime": "400",
        "waitTime": "0",
        "idMin": "1",
        "idMinRota": "110",
        "rotas": "1$120;2$155;3$55;4$120;5$155;6$55",
        "show": "2;3;5;6;1"
      },
      {
        "nodeType": "body",
        "index": "10",
        "sportTime": "400",
        "waitTime": "0",
        "idMin": "1",
        "idMinRota": "110",
        "rotas": "1$120;2$85;3$210;4$120;5$85;6$185",
        "show": "2;3;5;6;1"
      },
      {
        "nodeType": "body",
        "index": "11",
        "sportTime": "400",
        "waitTime": "0",
        "idMin": "1",
        "idMinRota": "120",
        "rotas": "1$110;2$120;3$75;4$120;5$155;6$165",
        "show": "1;2;3;4;5;6"
      },
      {
        "nodeType": "body",
        "index": "12",
        "sportTime": "400",
        "waitTime": "0",
        "idMin": "1",
        "idMinRota": "110",
        "rotas": "1$110;2$85;3$85;4$120;5$85;6$45",
        "show": "6;5;3;2"
      },
      {
        "nodeType": "body",
        "index": "13",
        "sportTime": "400",
        "waitTime": "0",
        "idMin": "1",
        "idMinRota": "120",
        "rotas": "1$120;2$120;3$120;4$120;5$120;6$120",
        "show": "1;2;3;4;5;6"
      },
      {
        "nodeType": "body",
        "index": "14",
        "sportTime": "400",
        "waitTime": "0",
        "idMin": "1",
        "idMinRota": "120",
        "rotas": "1$165;2$120;3$120;4$165;5$120;6$120",
        "show": "1;4"
      },
      {
        "nodeType": "body",
        "index": "15",
        "sportTime": "400",
        "waitTime": "0",
        "idMin": "1",
        "idMinRota": "120",
        "rotas": "1$155;2$155;3$195;4$165;5$155;6$150",
        "show": "1;2;3;4;5;6"
      },
      {
        "nodeType": "body",
        "index": "16",
        "sportTime": "200",
        "waitTime": "0",
        "idMin": "1",
        "idMinRota": "120",
        "rotas": "1$120;2$155;3$75;4$130;5$120;6$165",
        "show": "1;2;3;4;5;6"
      },
      {
        "nodeType": "body",
        "index": "17",
        "sportTime": "400",
        "waitTime": "0",
        "idMin": "1",
        "idMinRota": "120",
        "rotas": "1$120;2$85;3$185;4$120;5$85;6$185",
        "show": "6;5;3;2;4"
      },
      {
        "nodeType": "body",
        "index": "18",
        "sportTime": "400",
        "waitTime": "0",
        "idMin": "1",
        "idMinRota": "120",
        "rotas": "1$120;2$155;3$45;4$120;5$155;6$30",
        "show": "6;5;3;2;4"
      },
      {
        "nodeType": "body",
        "index": "19",
        "sportTime": "400",
        "waitTime": "0",
        "idMin": "1",
        "idMinRota": "120",
        "rotas": "1$120;2$85;3$195;4$120;5$85;6$185",
        "show": "6;5;3;2;4"
      },
      {
        "nodeType": "body",
        "index": "20",
        "sportTime": "400",
        "waitTime": "0",
        "idMin": "1",
        "idMinRota": "120",
        "rotas": "1$120;2$155;3$45;4$120;5$155;6$30",
        "show": "6;5;3;2;4"
      },
      {
        "nodeType": "body",
        "index": "21",
        "sportTime": "400",
        "waitTime": "0",
        "idMin": "1",
        "idMinRota": "120",
        "rotas": "1$120;2$85;3$195;4$120;5$85;6$185",
        "show": "6;5;3;2;4"
      },
      {
        "nodeType": "body",
        "index": "22",
        "sportTime": "400",
        "waitTime": "0",
        "idMin": "1",
        "idMinRota": "120",
        "rotas": "1$120;2$155;3$45;4$120;5$155;6$30",
        "show": "6;5;3;2;4"
      },
      {
        "nodeType": "body",
        "index": "23",
        "sportTime": "400",
        "waitTime": "0",
        "idMin": "1",
        "idMinRota": "120",
        "rotas": "1$120;2$155;3$75;4$120;5$120;6$165",
        "show": "1;2;3;4;5;6"
      },
      {
        "nodeType": "body",
        "index": "24",
        "sportTime": "400",
        "waitTime": "0",
        "idMin": "1",
        "idMinRota": "120",
        "rotas": "1$120;2$155;3$195;4$130;5$155;6$155",
        "show": "6;5;3;2"
      },
      {
        "nodeType": "body",
        "index": "25",
        "sportTime": "400",
        "waitTime": "0",
        "idMin": "1",
        "idMinRota": "120",
        "rotas": "1$120;2$120;3$120;4$120;5$120;6$120",
        "show": "1;2;3;4;5;6"
      }
    ]
  }
}
