{
  "Roots": {
    "Root": [
      {
        "nodeType": "head",
        "name": "右移",
        "showName": "0$右移;1$Move Right;12$W prawo;6$Déplacement vers la droite;4$Nach rechts bewegen;5$Muovi a destra;7$Mover hacia la derecha;2$右に動く;8$Ir para a direita;9$右移;10$تحرك يمينًا;3$오른쪽 이동;11$Движение вправо;13$Sağa Hareket Etme;14$Bevæg dig til højre;16$Bergerak ke Kanan;15$ไปทางขวา",
        "robotID": "robot_31551e4d-8658-4ae8-9fa0-63b8a13839a2",
        "id": "actions_636928432561972150",
        "icon": "icon_4",
        "createTime": "636945758740157354"
      },
      {
        "nodeType": "body",
        "index": "1",
        "sportTime": "300",
        "waitTime": "100",
        "idMin": "1",
        "idMinRota": "120",
        "rotas": "1$120;2$199;3$129;4$120;5$170;6$190",
        "show": "2;3;5;6"
      },
      {
        "nodeType": "body",
        "index": "2",
        "sportTime": "300",
        "waitTime": "100",
        "idMin": "1",
        "idMinRota": "120",
        "rotas": "1$120;2$68;3$117;4$120;5$90;6$121",
        "show": "2;3;5;6"
      },
      {
        "nodeType": "body",
        "index": "3",
        "sportTime": "300",
        "waitTime": "100",
        "idMin": "1",
        "idMinRota": "120",
        "rotas": "1$120;2$199;3$129;4$120;5$170;6$190",
        "show": "2;3;5;6"
      },
      {
        "nodeType": "body",
        "index": "4",
        "sportTime": "300",
        "waitTime": "100",
        "idMin": "1",
        "idMinRota": "120",
        "rotas": "1$120;2$68;3$117;4$120;5$90;6$121",
        "show": "2;3;5;6"
      },
      {
        "nodeType": "body",
        "index": "5",
        "sportTime": "300",
        "waitTime": "100",
        "idMin": "1",
        "idMinRota": "120",
        "rotas": "1$120;2$199;3$129;4$120;5$178;6$190",
        "show": "2;3;5;6"
      },
      {
        "nodeType": "body",
        "index": "6",
        "sportTime": "300",
        "waitTime": "100",
        "idMin": "1",
        "idMinRota": "120",
        "rotas": "1$120;2$68;3$117;4$120;5$90;6$121",
        "show": "2;3;5;6"
      },
      {
        "nodeType": "body",
        "index": "7",
        "sportTime": "300",
        "waitTime": "100",
        "idMin": "1",
        "idMinRota": "120",
        "rotas": "1$120;2$199;3$129;4$120;5$170;6$190",
        "show": "2;3;5;6"
      },
      {
        "nodeType": "body",
        "index": "8",
        "sportTime": "300",
        "waitTime": "100",
        "idMin": "1",
        "idMinRota": "120",
        "rotas": "1$120;2$68;3$117;4$120;5$90;6$121",
        "show": "2;3;5;6"
      },
      {
        "nodeType": "body",
        "index": "9",
        "sportTime": "300",
        "waitTime": "100",
        "idMin": "1",
        "idMinRota": "120",
        "rotas": "1$120;2$199;3$129;4$120;5$170;6$190",
        "show": "2;3;5;6"
      },
      {
        "nodeType": "body",
        "index": "10",
        "sportTime": "300",
        "waitTime": "100",
        "idMin": "1",
        "idMinRota": "120",
        "rotas": "1$120;2$120;3$120;4$120;5$120;6$120",
        "show": "2;3;5;6"
      }
    ]
  }
}
