{
  "Roots": {
    "Root": [
      {
        "nodeType": "head",
        "name": "左移",
        "showName": "0$左移;1$Move Left;12$W lewo;6$Déplacement vers la gauche;4$Nach links bewegen;5$Muovi a sinistra;7$Mover hacia la izquierda;2$左に動く;8$Ir para a esquerda;9$左移;10$تحرك يسارًا;3$왼쪽 이동;11$Движение влево;13$Sola Hareket Et;14$Bevæg dig til venstre;16$Bergerak ke Kiri;15$ไปทางซ้าย",
        "robotID": "robot_31551e4d-8658-4ae8-9fa0-63b8a13839a2",
        "id": "actions_636928415348026300",
        "icon": "icon_3",
        "createTime": "636945758740157353"
      },
      {
        "nodeType": "body",
        "index": "1",
        "sportTime": "300",
        "waitTime": "100",
        "idMin": "1",
        "idMinRota": "120",
        "rotas": "1$120;2$65;3$42;4$120;5$90;6$106",
        "show": "2;3;5;6"
      },
      {
        "nodeType": "body",
        "index": "2",
        "sportTime": "300",
        "waitTime": "100",
        "idMin": "1",
        "idMinRota": "120",
        "rotas": "1$120;2$197;3$118;4$120;5$170;6$117",
        "show": "2;3;5;6"
      },
      {
        "nodeType": "body",
        "index": "3",
        "sportTime": "300",
        "waitTime": "100",
        "idMin": "1",
        "idMinRota": "120",
        "rotas": "1$120;2$65;3$42;4$120;5$90;6$106",
        "show": "2;3;5;6"
      },
      {
        "nodeType": "body",
        "index": "4",
        "sportTime": "300",
        "waitTime": "100",
        "idMin": "1",
        "idMinRota": "120",
        "rotas": "1$120;2$197;3$118;4$120;5$170;6$117",
        "show": "2;3;5;6"
      },
      {
        "nodeType": "body",
        "index": "5",
        "sportTime": "300",
        "waitTime": "100",
        "idMin": "1",
        "idMinRota": "120",
        "rotas": "1$120;2$65;3$42;4$120;5$90;6$106",
        "show": "2;3;5;6"
      },
      {
        "nodeType": "body",
        "index": "6",
        "sportTime": "300",
        "waitTime": "100",
        "idMin": "1",
        "idMinRota": "120",
        "rotas": "1$120;2$197;3$118;4$120;5$170;6$117",
        "show": "2;3;5;6"
      },
      {
        "nodeType": "body",
        "index": "7",
        "sportTime": "300",
        "waitTime": "100",
        "idMin": "1",
        "idMinRota": "120",
        "rotas": "1$120;2$65;3$42;4$120;5$90;6$106",
        "show": "2;3;5;6"
      },
      {
        "nodeType": "body",
        "index": "8",
        "sportTime": "300",
        "waitTime": "100",
        "idMin": "1",
        "idMinRota": "120",
        "rotas": "1$120;2$197;3$118;4$120;5$170;6$117",
        "show": "2;3;5;6"
      },
      {
        "nodeType": "body",
        "index": "9",
        "sportTime": "300",
        "waitTime": "100",
        "idMin": "1",
        "idMinRota": "120",
        "rotas": "1$120;2$65;3$42;4$120;5$90;6$106",
        "show": "2;3;5;6"
      },
      {
        "nodeType": "body",
        "index": "10",
        "sportTime": "300",
        "waitTime": "100",
        "idMin": "1",
        "idMinRota": "120",
        "rotas": "1$120;2$120;3$120;4$120;5$120;6$120",
        "show": "2;3;5;6"
      }
    ]
  }
}
