{
  "Roots": {
    "Root": [
      {
        "nodeType": "head",
        "name": "前进",
        "showName": "0$前进;1$Move Forward;12$Do przodu;6$Avancer;4$Vorwärts bewegen;5$Muovi in avanti;7$Avanzar;2$前に進む;8$Andar para a frente;9$前進;10$تحرك للأمام;3$앞으로 이동;11$Движение вперед;13$İleriye Hareket Et;14$Bevæg dig fremad;16$Maju;15$เดินหน้า",
        "robotID": "robot_31551e4d-8658-4ae8-9fa0-63b8a13839a2",
        "id": "actions_636928414428398760",
        "icon": "icon_1",
        "createTime": "636945758740157351"
      },
      {
        "nodeType": "body",
        "index": "1",
        "sportTime": "200",
        "waitTime": "0",
        "idMin": "1",
        "idMinRota": "122",
        "rotas": "1$122;2$121;3$117;4$118;5$120;6$119",
        "show": "1;2;3;4;6"
      },
      {
        "nodeType": "body",
        "index": "2",
        "sportTime": "400",
        "waitTime": "0",
        "idMin": "1",
        "idMinRota": "121",
        "rotas": "1$121;2$65;3$92;4$123;5$55;6$61",
        "show": "1;2;3;4;5;6"
      },
      {
        "nodeType": "body",
        "index": "3",
        "sportTime": "400",
        "waitTime": "0",
        "idMin": "1",
        "idMinRota": "151",
        "rotas": "1$151;2$120;3$117;4$153;5$120;6$119",
        "show": "1;2;3;4;5;6"
      },
      {
        "nodeType": "body",
        "index": "4",
        "sportTime": "400",
        "waitTime": "0",
        "idMin": "1",
        "idMinRota": "120",
        "rotas": "1$120;2$175;3$177;4$124;5$175;6$145",
        "show": "1;2;3;4;5;6"
      },
      {
        "nodeType": "body",
        "index": "5",
        "sportTime": "400",
        "waitTime": "0",
        "idMin": "1",
        "idMinRota": "71",
        "rotas": "1$71;2$120;3$122;4$72;5$120;6$124",
        "show": "1;2;3;4;5;6"
      },
      {
        "nodeType": "body",
        "index": "6",
        "sportTime": "400",
        "waitTime": "0",
        "idMin": "1",
        "idMinRota": "121",
        "rotas": "1$121;2$65;3$92;4$123;5$65;6$61",
        "show": "1;2;3;4;5;6"
      },
      {
        "nodeType": "body",
        "index": "7",
        "sportTime": "400",
        "waitTime": "0",
        "idMin": "1",
        "idMinRota": "151",
        "rotas": "1$151;2$120;3$117;4$153;5$120;6$119",
        "show": "1;2;3;4;5;6"
      },
      {
        "nodeType": "body",
        "index": "8",
        "sportTime": "400",
        "waitTime": "0",
        "idMin": "1",
        "idMinRota": "120",
        "rotas": "1$120;2$175;3$177;4$124;5$175;6$145",
        "show": "1;2;3;4;5;6"
      },
      {
        "nodeType": "body",
        "index": "9",
        "sportTime": "400",
        "waitTime": "0",
        "idMin": "1",
        "idMinRota": "71",
        "rotas": "1$71;2$120;3$122;4$72;5$120;6$124",
        "show": "1;2;3;4;5;6"
      },
      {
        "nodeType": "body",
        "index": "10",
        "sportTime": "400",
        "waitTime": "0",
        "idMin": "1",
        "idMinRota": "121",
        "rotas": "1$121;2$65;3$92;4$123;5$65;6$61",
        "show": "1;2;3;4;5;6"
      },
      {
        "nodeType": "body",
        "index": "11",
        "sportTime": "400",
        "waitTime": "0",
        "idMin": "1",
        "idMinRota": "120",
        "rotas": "1$120;2$120;3$120;4$120;5$120;6$120",
        "show": "1;2;3;4;5;6"
      }
    ]
  }
}
