{
  "Roots": {
    "Root": [
      {
        "nodeType": "head",
        "name": "摇摆",
        "showName": "0$摇摆;1$Swing;12$Zamach;6$Basculement;4$Schaukeln;5$Oscilla;7$Balancear;2$曲がって進む;8$Balançar;9$搖擺;10$تأرجح;3$스윙;11$Качаться;13$Sallan;14$Sving;16$Berayun",
        "robotID": "robot_31551e4d-8658-4ae8-9fa0-63b8a13839a2",
        "id": "actions_636984505249348280",
        "icon": "icon_29",
        "createTime": "636984505249442550"
      },
      {
        "nodeType": "body",
        "index": "1",
        "sportTime": "400",
        "waitTime": "0",
        "idMin": "1",
        "idMinRota": "120",
        "rotas": "1$120;2$85;3$195;4$120;5$85;6$185",
        "show": "3;2;6;5"
      },
      {
        "nodeType": "body",
        "index": "2",
        "sportTime": "400",
        "waitTime": "0",
        "idMin": "1",
        "idMinRota": "120",
        "rotas": "1$120;2$155;3$45;4$120;5$155;6$55",
        "show": "3;2;6;5"
      },
      {
        "nodeType": "body",
        "index": "3",
        "sportTime": "400",
        "waitTime": "0",
        "idMin": "1",
        "idMinRota": "120",
        "rotas": "1$120;2$85;3$195;4$120;5$85;6$185",
        "show": "3;2;6;5"
      },
      {
        "nodeType": "body",
        "index": "4",
        "sportTime": "400",
        "waitTime": "0",
        "idMin": "1",
        "idMinRota": "120",
        "rotas": "1$120;2$155;3$45;4$120;5$155;6$55",
        "show": "3;2;6;5"
      },
      {
        "nodeType": "body",
        "index": "5",
        "sportTime": "400",
        "waitTime": "0",
        "idMin": "1",
        "idMinRota": "119",
        "rotas": "1$75;2$85;3$120;4$75;5$85;6$120",
        "show": "1;2;3;4;5;6"
      },
      {
        "nodeType": "body",
        "index": "6",
        "sportTime": "400",
        "waitTime": "0",
        "idMin": "1",
        "idMinRota": "119",
        "rotas": "1$165;2$155;3$120;4$165;5$155;6$120",
        "show": "1;2;3;4;5;6"
      },
      {
        "nodeType": "body",
        "index": "7",
        "sportTime": "400",
        "waitTime": "0",
        "idMin": "1",
        "idMinRota": "119",
        "rotas": "1$75;2$85;3$120;4$75;5$85;6$120",
        "show": "1;2;3;4;5;6"
      },
      {
        "nodeType": "body",
        "index": "8",
        "sportTime": "400",
        "waitTime": "0",
        "idMin": "1",
        "idMinRota": "119",
        "rotas": "1$165;2$155;3$120;4$165;5$155;6$120",
        "show": "1;2;3;4;5;6"
      },
      {
        "nodeType": "body",
        "index": "9",
        "sportTime": "400",
        "waitTime": "0",
        "idMin": "1",
        "idMinRota": "119",
        "rotas": "1$155;2$155;3$195;4$160;5$155;6$150",
        "show": "1;2;3;4;5;6"
      },
      {
        "nodeType": "body",
        "index": "10",
        "sportTime": "200",
        "waitTime": "0",
        "idMin": "1",
        "idMinRota": "119",
        "rotas": "1$120;2$85;3$75;4$130;5$120;6$165",
        "show": "1;2;3;4;5;6"
      },
      {
        "nodeType": "body",
        "index": "11",
        "sportTime": "200",
        "waitTime": "0",
        "idMin": "1",
        "idMinRota": "120",
        "rotas": "1$120;2$155;3$165;4$130;5$120;6$165",
        "show": "2;3"
      },
      {
        "nodeType": "body",
        "index": "12",
        "sportTime": "200",
        "waitTime": "0",
        "idMin": "1",
        "idMinRota": "119",
        "rotas": "1$120;2$85;3$75;4$130;5$120;6$165",
        "show": "1;2;3;4;5;6"
      },
      {
        "nodeType": "body",
        "index": "13",
        "sportTime": "200",
        "waitTime": "0",
        "idMin": "1",
        "idMinRota": "120",
        "rotas": "1$120;2$155;3$195;4$130;5$120;6$165",
        "show": "2;3"
      },
      {
        "nodeType": "body",
        "index": "14",
        "sportTime": "200",
        "waitTime": "0",
        "idMin": "1",
        "idMinRota": "120",
        "rotas": "1$120;2$155;3$195;4$130;5$155;6$155",
        "show": "2;3;5;6"
      },
      {
        "nodeType": "body",
        "index": "15",
        "sportTime": "300",
        "waitTime": "0",
        "idMin": "1",
        "idMinRota": "120",
        "rotas": "1$120;2$155;3$155;4$135;5$155;6$155",
        "show": "2;3;5;6"
      },
      {
        "nodeType": "body",
        "index": "16",
        "sportTime": "400",
        "waitTime": "0",
        "idMin": "1",
        "idMinRota": "119",
        "rotas": "1$165;2$165;3$120;4$165;5$155;6$120",
        "show": "1;2;3;4;5;6"
      },
      {
        "nodeType": "body",
        "index": "17",
        "sportTime": "400",
        "waitTime": "0",
        "idMin": "1",
        "idMinRota": "119",
        "rotas": "1$75;2$75;3$120;4$75;5$85;6$120",
        "show": "1;2;3;4;5;6"
      },
      {
        "nodeType": "body",
        "index": "18",
        "sportTime": "400",
        "waitTime": "0",
        "idMin": "1",
        "idMinRota": "119",
        "rotas": "1$165;2$165;3$120;4$165;5$155;6$120",
        "show": "1;2;3;4;5;6"
      },
      {
        "nodeType": "body",
        "index": "19",
        "sportTime": "400",
        "waitTime": "0",
        "idMin": "1",
        "idMinRota": "119",
        "rotas": "1$75;2$75;3$120;4$75;5$85;6$120",
        "show": "1;2;3;4;5;6"
      },
      {
        "nodeType": "body",
        "index": "20",
        "sportTime": "400",
        "waitTime": "0",
        "idMin": "1",
        "idMinRota": "119",
        "rotas": "1$80;2$85;3$90;4$85;5$85;6$45",
        "show": "1;2;3;4;5;6"
      },
      {
        "nodeType": "body",
        "index": "21",
        "sportTime": "200",
        "waitTime": "0",
        "idMin": "1",
        "idMinRota": "105",
        "rotas": "1$110;2$120;3$75;4$120;5$155;6$165",
        "show": "5;6;2;3;4;1"
      },
      {
        "nodeType": "body",
        "index": "22",
        "sportTime": "200",
        "waitTime": "0",
        "idMin": "1",
        "idMinRota": "105",
        "rotas": "1$110;2$120;3$75;4$120;5$85;6$75",
        "show": "5;6"
      },
      {
        "nodeType": "body",
        "index": "23",
        "sportTime": "200",
        "waitTime": "0",
        "idMin": "1",
        "idMinRota": "105",
        "rotas": "1$105;2$120;3$75;4$120;5$155;6$165",
        "show": "5;6"
      },
      {
        "nodeType": "body",
        "index": "24",
        "sportTime": "200",
        "waitTime": "0",
        "idMin": "1",
        "idMinRota": "105",
        "rotas": "1$105;2$120;3$75;4$120;5$85;6$75",
        "show": "5;6"
      },
      {
        "nodeType": "body",
        "index": "25",
        "sportTime": "200",
        "waitTime": "0",
        "idMin": "1",
        "idMinRota": "105",
        "rotas": "1$105;2$120;3$75;4$120;5$155;6$165",
        "show": "5;6"
      },
      {
        "nodeType": "body",
        "index": "26",
        "sportTime": "200",
        "waitTime": "0",
        "idMin": "1",
        "idMinRota": "105",
        "rotas": "1$105;2$85;3$85;4$120;5$85;6$85",
        "show": "6;5;3;2"
      },
      {
        "nodeType": "body",
        "index": "27",
        "sportTime": "400",
        "waitTime": "0",
        "idMin": "1",
        "idMinRota": "119",
        "rotas": "1$75;2$75;3$120;4$75;5$85;6$120",
        "show": "1;2;3;4;5;6"
      },
      {
        "nodeType": "body",
        "index": "28",
        "sportTime": "200",
        "waitTime": "0",
        "idMin": "1",
        "idMinRota": "119",
        "rotas": "1$120;2$120;3$165;4$120;5$120;6$75",
        "show": "1;2;3;4;5;6"
      },
      {
        "nodeType": "body",
        "index": "29",
        "sportTime": "200",
        "waitTime": "0",
        "idMin": "1",
        "idMinRota": "120",
        "rotas": "1$120;2$155;3$165;4$120;5$85;6$75",
        "show": "5;2"
      },
      {
        "nodeType": "body",
        "index": "30",
        "sportTime": "200",
        "waitTime": "0",
        "idMin": "1",
        "idMinRota": "120",
        "rotas": "1$120;2$85;3$165;4$120;5$155;6$75",
        "show": "5;2"
      },
      {
        "nodeType": "body",
        "index": "31",
        "sportTime": "200",
        "waitTime": "0",
        "idMin": "1",
        "idMinRota": "120",
        "rotas": "1$120;2$155;3$165;4$120;5$85;6$75",
        "show": "5;2"
      },
      {
        "nodeType": "body",
        "index": "32",
        "sportTime": "200",
        "waitTime": "0",
        "idMin": "1",
        "idMinRota": "120",
        "rotas": "1$120;2$85;3$165;4$120;5$155;6$75",
        "show": "5;2"
      },
      {
        "nodeType": "body",
        "index": "33",
        "sportTime": "200",
        "waitTime": "0",
        "idMin": "1",
        "idMinRota": "120",
        "rotas": "1$120;2$155;3$165;4$120;5$85;6$75",
        "show": "5;2"
      },
      {
        "nodeType": "body",
        "index": "34",
        "sportTime": "200",
        "waitTime": "0",
        "idMin": "1",
        "idMinRota": "120",
        "rotas": "1$120;2$85;3$165;4$120;5$155;6$75",
        "show": "5;2"
      },
      {
        "nodeType": "body",
        "index": "35",
        "sportTime": "200",
        "waitTime": "0",
        "idMin": "1",
        "idMinRota": "119",
        "rotas": "1$120;2$120;3$120;4$120;5$120;6$120",
        "show": "1;2;3;4;5;6"
      }
    ]
  }
}
