{
  "Roots": {
    "Root": [
      {
        "nodeType": "head",
        "name": "扭动",
        "showName": "0$扭动;1$Twist;12$Skręć;6$Tourner;4$Verdrehen;5$Twist;7$Giro;2$ツイスト;8$Girar;9$扭動;10$التفاف;3$뒤틀기;11$Кручение;13$Twist Dansı;14$Tvist;16$Memutar",
        "robotID": "robot_31551e4d-8658-4ae8-9fa0-63b8a13839a2",
        "id": "actions_636930193103929260",
        "icon": "icon_13",
        "createTime": "636930193103935360"
      },
      {
        "nodeType": "body",
        "index": "1",
        "sportTime": "400",
        "waitTime": "0",
        "idMin": "1",
        "idMinRota": "120",
        "rotas": "1$120;2$120;3$120;4$120;5$120;6$120",
        "show": "2;3;4;5;6"
      },
      {
        "nodeType": "body",
        "index": "2",
        "sportTime": "400",
        "waitTime": "0",
        "idMin": "1",
        "idMinRota": "120",
        "rotas": "1$120;2$120;3$120;4$120;5$120;6$120",
        "show": "2;3;4;5;6"
      },
      {
        "nodeType": "body",
        "index": "3",
        "sportTime": "300",
        "waitTime": "0",
        "idMin": "1",
        "idMinRota": "120",
        "rotas": "1$120;2$165;3$95;4$123;5$165;6$53",
        "show": "2;3;4;5;6"
      },
      {
        "nodeType": "body",
        "index": "4",
        "sportTime": "300",
        "waitTime": "0",
        "idMin": "1",
        "idMinRota": "118",
        "rotas": "1$118;2$75;3$179;4$119;5$75;6$144",
        "show": "1;2;3;4;5;6"
      },
      {
        "nodeType": "body",
        "index": "5",
        "sportTime": "300",
        "waitTime": "0",
        "idMin": "1",
        "idMinRota": "120",
        "rotas": "1$120;2$165;3$95;4$123;5$165;6$53",
        "show": "1;2;3;4;5;6"
      },
      {
        "nodeType": "body",
        "index": "6",
        "sportTime": "300",
        "waitTime": "0",
        "idMin": "1",
        "idMinRota": "118",
        "rotas": "1$118;2$75;3$179;4$120;5$75;6$144",
        "show": "1;2;3;4;5;6"
      },
      {
        "nodeType": "body",
        "index": "7",
        "sportTime": "300",
        "waitTime": "0",
        "idMin": "1",
        "idMinRota": "120",
        "rotas": "1$120;2$165;3$95;4$123;5$165;6$53",
        "show": "1;2;3;4;5;6"
      },
      {
        "nodeType": "body",
        "index": "8",
        "sportTime": "300",
        "waitTime": "0",
        "idMin": "1",
        "idMinRota": "118",
        "rotas": "1$118;2$75;3$179;4$119;5$75;6$144",
        "show": "1;2;3;4;5;6"
      },
      {
        "nodeType": "body",
        "index": "9",
        "sportTime": "300",
        "waitTime": "0",
        "idMin": "1",
        "idMinRota": "121",
        "rotas": "1$121;2$75;3$118;4$121;5$165;6$122",
        "show": "1;2;3;4;5;6"
      },
      {
        "nodeType": "body",
        "index": "10",
        "sportTime": "300",
        "waitTime": "0",
        "idMin": "1",
        "idMinRota": "167",
        "rotas": "1$167;2$119;3$46;4$172;5$119;6$187",
        "show": "1;2;3;4;5;6"
      },
      {
        "nodeType": "body",
        "index": "11",
        "sportTime": "300",
        "waitTime": "0",
        "idMin": "1",
        "idMinRota": "85",
        "rotas": "1$85;2$165;3$118;4$87;5$75;6$121",
        "show": "1;2;3;4;5;6"
      },
      {
        "nodeType": "body",
        "index": "12",
        "sportTime": "300",
        "waitTime": "0",
        "idMin": "1",
        "idMinRota": "97",
        "rotas": "1$97;2$100;3$43;4$101;5$140;6$196",
        "show": "1;2;3;4;5;6"
      },
      {
        "nodeType": "body",
        "index": "13",
        "sportTime": "300",
        "waitTime": "0",
        "idMin": "1",
        "idMinRota": "163",
        "rotas": "1$163;2$165;3$117;4$164;5$75;6$120",
        "show": "1;2;3;4;5;6"
      },
      {
        "nodeType": "body",
        "index": "14",
        "sportTime": "300",
        "waitTime": "0",
        "idMin": "1",
        "idMinRota": "167",
        "rotas": "1$167;2$100;3$46;4$172;5$140;6$187",
        "show": "1;2;3;4;5;6"
      },
      {
        "nodeType": "body",
        "index": "15",
        "sportTime": "300",
        "waitTime": "0",
        "idMin": "1",
        "idMinRota": "85",
        "rotas": "1$85;2$165;3$118;4$87;5$75;6$121",
        "show": "1;2;3;4;5;6"
      },
      {
        "nodeType": "body",
        "index": "16",
        "sportTime": "300",
        "waitTime": "0",
        "idMin": "1",
        "idMinRota": "97",
        "rotas": "1$97;2$100;3$43;4$101;5$140;6$196",
        "show": "1;2;3;4;5;6"
      },
      {
        "nodeType": "body",
        "index": "17",
        "sportTime": "300",
        "waitTime": "0",
        "idMin": "1",
        "idMinRota": "163",
        "rotas": "1$163;2$165;3$120;4$165;5$75;6$120",
        "show": "1;2;3;4;5;6"
      },
      {
        "nodeType": "body",
        "index": "18",
        "sportTime": "300",
        "waitTime": "0",
        "idMin": "1",
        "idMinRota": "167",
        "rotas": "1$167;2$100;3$46;4$172;5$140;6$196",
        "show": "1;2;3;4;5;6"
      },
      {
        "nodeType": "body",
        "index": "19",
        "sportTime": "300",
        "waitTime": "0",
        "idMin": "1",
        "idMinRota": "85",
        "rotas": "1$85;2$165;3$118;4$87;5$75;6$121",
        "show": "1;2;3;4;5;6"
      },
      {
        "nodeType": "body",
        "index": "20",
        "sportTime": "300",
        "waitTime": "0",
        "idMin": "1",
        "idMinRota": "97",
        "rotas": "1$97;2$100;3$43;4$101;5$140;6$196",
        "show": "1;2;3;4;5;6"
      },
      {
        "nodeType": "body",
        "index": "21",
        "sportTime": "300",
        "waitTime": "0",
        "idMin": "1",
        "idMinRota": "121",
        "rotas": "1$121;2$120;3$117;4$121;5$119;6$121",
        "show": "1;2;3;4;5;6"
      }
    ]
  }
}
